INSERT INTO `period_criteria` (`idpc`, `criteria`, `period`, `point_efqm`) VALUES
(28, 1, 7, '100.00'),
(29, 2, 7, '100.00'),
(30, 3, 7, '100.00'),
(31, 4, 7, '100.00'),
(32, 5, 7, '100.00'),
(33, 6, 7, '150.00'),
(34, 7, 7, '100.00'),
(35, 8, 7, '100.00'),
(36, 9, 7, '150.00');

INSERT INTO `pc_subcriteria` (`idpcs`, `subcriteria`, `period_criteria`, `period`, `adjustment`, `percentage`) VALUES
(72, 1, 28, 7, '1.00', '0.00'),
(73, 2, 28, 7, '0.50', '0.00'),
(74, 3, 28, 7, '1.00', '0.00'),
(75, 4, 28, 7, '1.00', '0.00'),
(76, 5, 28, 7, '0.75', '0.00'),
(77, 6, 29, 7, '0.75', '0.00'),
(78, 7, 29, 7, '1.00', '0.00'),
(79, 8, 29, 7, '1.00', '0.00'),
(80, 9, 29, 7, '1.00', '0.00'),
(81, 10, 30, 7, '1.00', '0.00'),
(82, 11, 30, 7, '0.50', '0.00'),
(83, 12, 30, 7, '0.25', '0.00'),
(84, 13, 30, 7, '0.50', '0.00'),
(85, 14, 30, 7, '0.25', '0.00'),
(86, 15, 31, 7, '1.00', '0.00'),
(87, 16, 31, 7, '1.00', '0.00'),
(88, 17, 31, 7, '1.00', '0.00'),
(89, 18, 31, 7, '1.00', '0.00'),
(90, 19, 31, 7, '0.50', '0.00'),
(91, 20, 32, 7, '1.00', '0.00'),
(92, 21, 32, 7, '1.00', '0.00'),
(93, 22, 32, 7, '1.00', '0.00'),
(94, 23, 32, 7, '0.75', '0.00'),
(95, 24, 32, 7, '0.75', '0.00'),
(96, 25, 33, 7, '0.50', '0.75'),
(97, 26, 33, 7, '0.75', '0.25'),
(98, 27, 34, 7, '1.00', '0.75'),
(99, 28, 34, 7, '1.00', '0.25'),
(100, 29, 35, 7, '0.50', '0.50'),
(101, 30, 35, 7, '0.50', '0.50'),
(102, 31, 36, 7, '0.50', '0.50'),
(103, 32, 36, 7, '1.00', '0.50');

INSERT INTO `pcs_process` (`idpcsp`, `process`, `pc_subcriteria`, `period_criteria`, `period`) VALUES
(110, 1, 72, 28, 7),
(116, 1, 77, 29, 7),
(120, 1, 81, 30, 7),
(125, 1, 86, 31, 7),
(130, 1, 91, 32, 7),
(137, 1, 96, 33, 7),
(144, 1, 98, 34, 7),
(150, 1, 100, 35, 7),
(153, 1, 102, 36, 7),
(111, 2, 73, 28, 7),
(117, 2, 78, 29, 7),
(121, 2, 82, 30, 7),
(126, 2, 87, 31, 7),
(131, 2, 91, 32, 7),
(138, 2, 96, 33, 7),
(145, 2, 98, 34, 7),
(151, 2, 101, 35, 7),
(154, 2, 102, 36, 7),
(112, 3, 74, 28, 7),
(118, 3, 79, 29, 7),
(122, 3, 83, 30, 7),
(127, 3, 88, 31, 7),
(132, 3, 92, 32, 7),
(139, 3, 96, 33, 7),
(146, 3, 98, 34, 7),
(152, 3, 101, 35, 7),
(155, 3, 102, 36, 7),
(113, 4, 75, 28, 7),
(119, 4, 80, 29, 7),
(123, 4, 84, 30, 7),
(128, 4, 89, 31, 7),
(133, 4, 93, 32, 7),
(140, 4, 96, 33, 7),
(147, 4, 99, 34, 7),
(156, 4, 103, 36, 7),
(114, 5, 75, 28, 7),
(124, 5, 85, 30, 7),
(129, 5, 90, 31, 7),
(134, 5, 93, 32, 7),
(141, 5, 97, 33, 7),
(148, 5, 99, 34, 7),
(157, 5, 103, 36, 7),
(115, 6, 76, 28, 7),
(135, 6, 94, 32, 7),
(142, 6, 97, 33, 7),
(149, 6, 99, 34, 7),
(158, 6, 103, 36, 7),
(136, 7, 95, 32, 7),
(143, 7, 97, 33, 7),
(159, 7, 103, 36, 7);

INSERT INTO `pcsp_questions` (`idpcspq`, `questions_idquestions`, `pcs_process`, `pc_subcriteria`, `period_criteria`, `period`) VALUES
(232, 12, 110, 72, 28, 7),
(233, 13, 110, 72, 28, 7),
(234, 14, 110, 72, 28, 7),
(235, 15, 111, 73, 28, 7),
(236, 16, 112, 74, 28, 7),
(237, 17, 112, 74, 28, 7),
(238, 18, 113, 75, 28, 7),
(239, 19, 113, 75, 28, 7),
(240, 20, 113, 75, 28, 7),
(241, 21, 114, 75, 28, 7),
(242, 22, 114, 75, 28, 7),
(243, 23, 114, 75, 28, 7),
(243, 24, 115, 76, 28, 7),
(244, 25, 115, 76, 28, 7),
(245, 26, 115, 76, 28, 7),
(246, 27, 116, 77, 29, 7),
(247, 28, 117, 78, 29, 7),
(248, 29, 118, 79, 29, 7),
(249, 30, 118, 79, 29, 7),
(250, 31, 118, 79, 29, 7),
(251, 32, 119, 80, 29, 7),
(252, 33, 119, 80, 29, 7),
(253, 34, 119, 80, 29, 7),
(254, 35, 120, 81, 30, 7),
(255, 36, 120, 81, 30, 7),
(256, 37, 121, 82, 30, 7),
(257, 38, 121, 82, 30, 7),
(258, 39, 121, 82, 30, 7),
(259, 40, 122, 83, 30, 7),
(260, 41, 122, 83, 30, 7),
(261, 42, 122, 83, 30, 7),
(262, 43, 123, 84, 30, 7),
(263, 44, 123, 84, 30, 7),
(264, 45, 123, 84, 30, 7),
(265, 46, 124, 85, 30, 7),
(266, 47, 124, 85, 30, 7),
(267, 48, 124, 85, 30, 7),
(268, 49, 124, 85, 30, 7),
(269, 50, 125, 86, 31, 7),
(270, 51, 125, 86, 31, 7),
(271, 52, 126, 87, 31, 7),
(272, 53, 126, 87, 31, 7),
(273, 54, 126, 87, 31, 7),
(274, 55, 127, 88, 31, 7),
(275, 56, 127, 88, 31, 7),
(276, 57, 127, 88, 31, 7),
(277, 58, 128, 89, 31, 7),
(278, 59, 128, 89, 31, 7),
(279, 60, 129, 90, 31, 7),
(280, 61, 129, 90, 31, 7),
(281, 62, 129, 90, 31, 7),
(282, 63, 130, 91, 32, 7),
(283, 64, 130, 91, 32, 7),
(284, 65, 131, 91, 32, 7),
(285, 66, 131, 91, 32, 7),
(286, 67, 132, 92, 32, 7),
(287, 68, 132, 92, 32, 7),
(288, 69, 133, 93, 32, 7),
(289, 70, 133, 93, 32, 7),
(290, 71, 134, 93, 32, 7),
(291, 72, 135, 94, 32, 7),
(292, 73, 135, 94, 32, 7),
(293, 74, 135, 94, 32, 7),
(294, 75, 136, 95, 32, 7),
(295, 76, 136, 95, 32, 7),
(296, 77, 136, 95, 32, 7),
(297, 78, 137, 96, 33, 7),
(298, 79, 137, 96, 33, 7),
(299, 80, 138, 96, 33, 7),
(300, 81, 139, 96, 33, 7),
(301, 82, 139, 96, 33, 7),
(302, 83, 139, 96, 33, 7),
(303, 84, 140, 96, 33, 7),
(304, 85, 140, 96, 33, 7),
(305, 86, 141, 97, 33, 7),
(306, 87, 142, 97, 33, 7),
(307, 88, 142, 97, 33, 7),
(308, 89, 142, 97, 33, 7),
(309, 90, 143, 97, 33, 7),
(310, 91, 143, 97, 33, 7),
(311, 92, 144, 98, 34, 7),
(312, 93, 145, 98, 34, 7),
(313, 94, 145, 98, 34, 7),
(314, 95, 145, 98, 34, 7),
(315, 96, 146, 98, 34, 7),
(316, 97, 146, 98, 34, 7),
(317, 98, 147, 99, 34, 7),
(318, 99, 148, 99, 34, 7),
(319, 100, 148, 99, 34, 7),
(320, 101, 148, 99, 34, 7),
(321, 102, 149, 99, 34, 7),
(322, 103, 149, 99, 34, 7),
(323, 104, 150, 100, 35, 7),
(324, 105, 150, 100, 35, 7),
(325, 106, 150, 100, 35, 7),
(326, 107, 151, 101, 35, 7),
(327, 108, 151, 101, 35, 7),
(328, 109, 151, 101, 35, 7),
(329, 110, 151, 101, 35, 7),
(330, 111, 152, 101, 35, 7),
(331, 112, 152, 101, 35, 7),
(332, 113, 153, 102, 36, 7),
(333, 114, 154, 102, 36, 7),
(334, 115, 154, 102, 36, 7),
(335, 116, 155, 102, 36, 7),
(336, 117, 155, 102, 36, 7),
(337, 118, 156, 103, 36, 7),
(338, 119, 157, 103, 36, 7),
(339, 120, 158, 103, 36, 7),
(340, 121, 159, 103, 36, 7),
(341, 122, 159, 103, 36, 7);